 ,links,notes,tags,semanticsearch,client,id,diagram,category,,uniqueCategories
ועדות עירייה ודירקטוריון 2024,https://www.ganeytikva.org.il./ועדות-עירייה-ודירקטוריון-2024/,,"ועדות עירייה,דירקטוריון",,,,,כללי,,חינוך
(Ganne Tikva) Welcome to GANEY TIKVA,https://www.ganeytikva.org.il./english/,,,,,,,כללי,,שפע
One pager עיריית גני תקווה,https://www.ganeytikva.org.il./one-pager-עיריית-גני-תקווה/,,,,,,,כללי ,,רווחה
מקום בעיר - מתחמי פעילות להשכרה,https://www.ganeytikva.org.il./מקום-בעיר-מתחמי-פעילות-להשכרה/,,"השכרת מתחימים, מתחמי פעילויות",,,,,כללי,,מוקד עירוני
מקפיצים אתכם לרכבת הקלה | קו 75,https://www.ganeytikva.org.il./ממשיכים-לנוע-קדימה-שאטל-ganey-tikbus-הופך-לקבוע/,,"הסעות,רכבת קלה,הסעות לרכבת ",,,,,כללי,,רישוי עסקים
חוברת היערכות לחירום לתושבי גני תקווה,https://www.ganeytikva.org.il./חוברת-היערכות-לחירום-לתושבי-גני-תקווה/,,"חירום,חוברת הערכות,הערכות לחירום",,,,,חירום ,,תרבות
מזל טוב על התוספת החדשה במשפחה | קופון מתנה,https://www.ganeytikva.org.il./מזל-טוב-על-התוספת-החדשה-במשפחה-קופון-מתנה/,,"נולד לי ילד,ילודה,ידים,ילדה,נולדה",,,,,כללי,,גבייה
קבלת קהל,https://www.ganeytikva.org.il./קבלת-קהל-בעירייה/,,"קבלת קהל,קבלת,קהל",,,,,כללי,,כללי 
שירותים עירוניים,https://www.ganeytikva.org.il./שירותים-עירוניים/,,שירותים לעירוניים,,,,,כללי,,חירום
מים וביוב - תאגיד מי תקווה,https://www.mei-tikva.co.il/,,"ביוב,תאגיד מים,חשבון מים ",,,,,כללי,,הנדסה
פינוי אשפה וגרוטאות,https://www.ganeytikva.org.il./166/,,"פינוי,אשפה,גורטאות,פינוי אשפה,לפנות,מפנים,פסולת,זבל,גזם,ביתית,ענפים,פיקוח,פיקוח עירוני,יום הוצאה,יום פינוי,מחזור,מדרכה,קנס",,,,,כללי,,
ארנונה,https://www.ganeytikva.org.il./171/,,"ארנונה,ארנונה לתושב,צו ארנונה",,,,,גבייה ,,
פיקוח עירוני וחניה,https://www.ganeytikva.org.il./246/,,"חניה,חנייה,פיקוח חנייה,פיקוח עירוני,פיקוח ",,,,,כללי,,
עמדות טעינה לרכב חשמלי,https://www.ganeytikva.org.il/1019/.,,"רכב חשמלי,עמדות טעינה,הטענת רכב ",,,,,כללי,,
שירות וטרינרי,https://www.ganeytikva.org.il/1118/.,,"וטרינר,בעלי חיים,שירות וטרינרי",,,,,כללי,,
"מרכז הספורט ""לידר""",https://www.leadersport.co.il/,,"מכרז ספורט וחוגים,לידר חוגים",,,,,כללי,,
קאנטרי גלים,https://www.countrygalim.co.il/,,"קאנטרי עירוני, בריכה,קאנטרי גלים",,,,,כללי,,
הספרייה הציבורית,https://ganeytikva.library.org.il/,,"סיפרייה,ספרייה עירונית",,,,,תרבות,,
היכל התרבות מרכז הבמה,https://www.habama-center.com/,,"תרבות,היכל תרבות,מופעי תרבות",,,,,תרבות,,
חנות בגדים קהילתית,https://www.ganeytikva.org.il./חנות-בגדים-קהילתית/,,"חנת בגדים,חנות קהילתית",,,,,כללי,,
פלאים - המרכז לגיל הרך,https://www.plaim.co.il/,,"מרכז גיל הרך,מרכז לילדים קטנים",,,,,חינוך,,
רישום לגני הילדים ובתי ספר,https://edu.onecity.co.il/edu-registration-site/intro?customerId=502200,,"רישום לגנים,רישום בתי ספר,תשלום לגנים,תשלום לחינוך",,,,,חינוך,,
צהרונים,https://www.mygt.org.il/category/%d7%a2%d7%95%d7%93-%d7%91%d7%90%d7%aa%d7%a8/%d7%9b%d7%9c-%d7%aa%d7%95%d7%9b%d7%a0%d7%99%d7%95%d7%aa-%d7%90%d7%97%d7%a8%d7%99-%d7%91%d7%99%d7%aa-%d7%94%d7%a1%d7%a4%d7%a8-%d7%95%d7%94%d7%92%d7%a0%d7%99%d7%9d/,,"צהרון,צהרונים,פעילות צהרונים",,,,,חינוך,,
אישור לטאבו,https://www.ganeytikva.org.il./346/,,"טאבו,מסמך,אישור,אישורים,מסמכים,בקשה,בקשות,עסקה,עסקאות,חוב,חובות,העדר,בעל הנכס,רשם מקרקעין,הגשה,להגיש,זמן טיפול,קבלת קהל",,,,,גבייה,,
הבית הירוק מרכז טיפולי רב תחומי למשפחה,https://www.ganeytikva.org.il/%D7%94%D7%91%D7%99%D7%AA-%D7%94%D7%99%D7%A8%D7%95%D7%A7-%D7%92%D7%A0%D7%99-%D7%AA%D7%A7%D7%95%D7%95%D7%94-%D7%9C%D7%90-%D7%9C%D7%92%D7%A2%D7%AA-%D7%91%D7%93%D7%A3-%D7%94%D7%95%D7%90-%D7%91%D7%91%D7%A0%D7%99%D7%94/,,מרכז טיפולי למשפחה ,,,,,תרבות,,
מועצה דתית - גני תקווה,https://www.ganeytikva.org.il./מועצה-דתית-גני-תקווה/,,"דתית,מועצה דתית,רבנות,נישואים",,,,,כללי,,
מרחבים להשכרה,https://www.ganeytikva.org.il./498/,,"השכרת מבנים,השכרת חלל",,,,,תרבות,,
כניסה למרחב האישי,https://www.ganeytikva.org.il./toshav-center/,,"איזור אישי ,איזור לתושב,מרכז לתושב,מידע לתושב",,,,,כללי,,
העיר שלנו,https://www.ganeytikva.org.il./העיר-שלנו/,,,,,,,כללי,,
אודות גני תקווה,https://www.ganeytikva.org.il./אודות-גני-תקווה/,,,,,,,כללי,,
דבר ראש העיר,https://www.ganeytikva.org.il./דבר-ראש-העיר/,,דבר ראש העיר,,,,,כללי,,
תכנית המתאר הכוללנית של גני תקווה,https://www.ganeytikva.org.il./292/,,,,,,,הנדסה,,
תחבורה ציבורית,https://www.ganeytikva.org.il/348/.,,,,,,,כללי,,
בטיחות ומוגנות קהילתית,https://www.ganeytikva.org.il./בטיחות-ומוגנות-קהילתית/,,,,,,,כללי,,
תושב חדש,https://www.ganeytikva.org.il./תושב-חדש/,,תושב חדש,,,,,כללי,,
פארקים ושכונות בגני תקווה,https://www.ganeytikva.org.il./פארקים-ושכונות-בגני-תקווה/,,"פארק,גנים,גן,גן ציבורי,גינות ציבוריות,קבוצת ווצאפ,מונגש",,,,,כללי,,
"""עיר בריאה""",https://www.ganeytikva.org.il/1108/.,,,,,,,כללי,,
העצים של גני תקווה,https://www.ganeytikva.org.il/1079/.,,"עצים,עצי פרי,עצי צל",,,,,כללי,,
מועצת העיר,https://www.ganeytikva.org.il./מועצת-העיר/,,,,,,,כללי,,
חברות וחברי מועצת העיר,https://www.ganeytikva.org.il./חברות-וחברי-מועצת-העיר/,,,,,,,כללי,,
ועדות העירייה,https://www.ganeytikva.org.il./ועדות-העירייה/,,,,,,,כללי,,
פרוטוקולים ישיבות מליאה,https://www.ganeytikva.org.il/protocols/?year=0&category=5&order=date-desc,,,,,,,כללי,,
לזכרם ולזכרן,https://www.ganeytikva.org.il/yizcor/,,,,,,,כללי,,
אדריכלות הזיכרון,https://www.ganeytikva.org.il./אדריכלות-הזיכרון/,,,,,,,כללי,,
גלריית הפיסול האורבני של גני תקווה,https://www.ganeytikva.org.il./290-1574678029-גלריית-הפיסול-של-גני-תקווה/,,,,,,,כללי,,
עיר תאומה - בירגיש גלאדבאך,https://www.ganeytikva.org.il./עיר-תאומה-בירגיש-גלאדבאך/,,,,,,,כללי,,
קטעי עיתונות,https://www.ganeytikva.org.il./קטעי-עיתונות/,,,,,,,כללי,,
שקיפות וחופש המידע,https://www.ganeytikva.org.il./שקיפות-וחופש-המידע/,,,,,,,כללי,,
תכנית עבודה ותקציב שנתי,https://www.ganeytikva.org.il./תכנית-עבודה-ותקציב-שנתי/,,,,,,,כללי,,
תכנית עבודה 2023,https://www.ganeytikva.org.il./תכנית-עבודה-2023/,,,,,,,כללי,,
ארכיון תכניות עבודה ותקציב שנים קודמות,https://www.ganeytikva.org.il./ארכיון-תכניות-עבודה-ותקציב-שנים-קודמות/,,,,,,,כללי,,
קוד אתי - גני תקווה,https://www.ganeytikva.org.il./קוד-אתי-גני-תקווה/,,,,,,,כללי,,
חוק חופש המידע,https://www.ganeytikva.org.il./0-1565688461-חוק-חופש-המידע/,,,,,,,כללי,,
מבקרת העירייה וממונה על תלונות הציבור,https://www.ganeytikva.org.il./652/,,,,,,,כללי,,
מוקד פניות 106,https://www.ganeytikva.org.il./226/,,"מוקד פניות,106,מוקד פניות 106",,,,,כללי,,
ספר טלפונים,https://www.ganeytikva.org.il./phonebook/,,,,,,,כללי,,
תאגידים עירוניים,https://www.ganeytikva.org.il./תאגידים-עירוניים/,,,,,,,כללי,,
פרוטוקולים,https://www.ganeytikva.org.il/protocols/?year=0&category=5&order=date-desc,,,,,,,כללי,,
מכרזים והתקשרויות,https://www.ganeytikva.org.il./bids/,,,,,,,כללי,,
ארכיון תכניות עבודה ותקציב שנים קודמות,https://www.ganeytikva.org.il./ארכיון-תכניות-עבודה-ותקציב-שנים-קודמות-שקיפות/,,,,,,,כללי,,
דוחות כספיים,https://www.ganeytikva.org.il./דוחות-כספיים/,,,,,,,כללי,,
מקבלי השכר הגבוה,https://www.ganeytikva.org.il./מקבלי-שכר-הגבוה/,,,,,,,כללי,,
דוחות איכות מי השתייה,https://www.mei-tikva.co.il/?CategoryID=274&SearchParam=,,,,,,,כללי,,
מדידות קרינה במוסדות ציבור,https://www.ganeytikva.org.il./מדידות-קרינה-במוסדות-ציבור/,,,,,,,כללי,,
רשימת מאגרי מידע,https://www.ganeytikva.org.il./רשימת-מאגרי-מידע/,,,,,,,כללי,,
מבנה ארגוני,https://www.ganeytikva.org.il./מבנה-ארגוני/,,,,,,,כללי,,
קהילות,https://www.ganeytikva.org.il./קהילות/,,,,,,,כללי,,
קהילה מלידה,https://www.coing.co/Gantik_Taf,,,,,,,כללי,,
בני נוער,https://www.coing.co/Ganei_Tikva_YC,,,,,,,כללי,,
נשים,https://www.ganeytikva.org.il/781/.,,,,,,,כללי,,
אזרחים ותיקים,https://www.coing.co/Gantik_Vatikim,,,,,,,כללי,,
מתנדבים,https://www.coing.co/Gantik_Volunteers,,"התנדבות,רוצה להתנדב,מרכז המתנדבים,מתנדב",,,,,כללי,,
"קהילת צמי""ד",https://www.ganeytikva.org.il./קהילת-צמי-ד/,,,,,,,כללי,,
החברה לפיתוח גני תקווה,https://www.mygt.org.il/,,"חברה כלכלית,חברה לפיתוח ",,,,,כללי,,
מי תקווה,https://www.mei-tikva.co.il/,,"תאגיד מים,תשלום חשבון מים",,,,,כללי,,
ספרייה ציבורית,https://www.ganeytikva.org.il./201/,,,,,,,כללי,,
עמותת אמנות ותרבות בגני תקווה,https://habama.smarticket.co.il/,,,,,,,כללי,,
קצת עלינו,https://www.ganeytikva.org.il./קצת-עלינו/,,,,,,,כללי,,
עושים טוב בגני תקווה | מגשימים את משאלתה האחרונה של לבנת,https://www.ganeytikva.org.il./עושים-טוב-בגני-תקווה-מגשימים-את-משאלתה-האחרונה-של-לבנת/,,,,,,,כללי,,
"הודעת מפקד משמרת בכבאות והצלה | הסבר שימוש בקרש לנעילת הממ""ד",https://www.ganeytikva.org.il./הודעת-מפקד-משמרת-בכבאות-והצלה-הסבר-שימוש-בקרש-לנעילת-הממ-ד/,,,,,,,כללי,,
חלוקת חוברות הגשה,https://www.ganeytikva.org.il./חלוקת-חוברות-הגשה/,,,,,,,כללי,,
היערכות לקיץ,https://www.ganeytikva.org.il./0-1684914265-/,,,,,,,כללי,,
פתרונות למשחקים 70,https://www.ganeytikva.org.il./פתרונות-למשחקים-70/,,,,,,,כללי,,
כללי,https://www.ganeytikva.org.il./0-1702313162-/,,,,,,,כללי,,
מכרזי המועצה הדתית,https://www.ganeytikva.org.il./מכרזי-המועצה-הדתית/,,,,,,,כללי,,
תכנית יזמות חברתית,https://bit.ly/3B0Vmur,,ייזמות חברתית,,,,,כללי,,
משהו חדש מתחיל עכשיו מנהל.ות גן,https://www.ganeytikva.org.il./משהו-חדש-מתחיל-עכשיו-מנהלות-גן/,,,,,,,כללי,,
שירותים בקליק מנהל.ות גן,https://www.ganeytikva.org.il./שירותים-בקליק-מנהלות-גן/,,,,,,,כללי,,
"מהשפ""ח באהבה מנהל.ות גן",https://www.ganeytikva.org.il./מהשפ-ח-באהבה-מנהלות-גן/,,,,,,,כללי,,
"לוח זמנים בעבודה עם השפ""ח",https://www.ganeytikva.org.il./לוח-זמנים-בעבודה-עם-השפ-ח/,,,,,,,כללי,,
הגורמים השונים אשר מלווים אתכן ואותך בגני הילדות והילדים,https://www.ganeytikva.org.il./0-1661868354-/,,,,,,,כללי,,
גמילה מחיתולים בגן,https://www.ganeytikva.org.il./גמילה-מחיתולים-בגן/,,,,,,,כללי,,
הכניסה לגן,https://www.ganeytikva.org.il./הכניסה-לגן/,,,,,,,כללי,,
"עקרונות לעבודת השפ""ח בגן",https://www.ganeytikva.org.il./עקרונות-לעבודת-השפ-ח-בגן/,,,,,,,כללי,,
"היחידה לביקור סדיר (קבסי""ם)",https://www.ganeytikva.org.il./היחידה-לביקור-סדיר-קבסי-ם/,,,,,,,כללי,,
לקראת ועדות מנהל.ות גן,https://www.ganeytikva.org.il./לקראת-ועדות-מנהלות-גן/,,,,,,,כללי,,
מהייעוץ החינוכי אלייך מנהל.ות גן,https://www.ganeytikva.org.il./מהייעוץ-החינוכי-אלייך-מנהלות-גן/,,,,,,,כללי,,
מודל לדיאלוג צוות - הורים,https://www.ganeytikva.org.il./מודל-לדיאלוג-צוות-הורים/,,,,,,,כללי,,
חובת דיווח,https://www.ganeytikva.org.il./חובת-דיווח/,,,,,,,כללי,,
בעקבות מודל ללב,https://www.ganeytikva.org.il./בעקבות-מודל-ללב/,,,,,,,כללי,,
מורה נבוכים מנהל.ות גן,https://www.ganeytikva.org.il./מורה-נבוכים-מנהלות-גן/,,,,,,,כללי,,
גאנט  2022-2023,https://www.ganeytikva.org.il./גאנט-2022-2023/,,,,,,,כללי,,
נהלי בטיחות וביטחון מנהל.ות גן,https://www.ganeytikva.org.il./נהלי-בטיחות-וביטחון-מנהל-ות-גן/,,,,,,,כללי,,
לקראת שנת הלימודים,https://www.ganeytikva.org.il./לקראת-שנת-הלימודים/,,,,,,,כללי,,
הנחיות כלליות לניהול גן תקין,https://www.ganeytikva.org.il./הנחיות-כלליות-לניהול-גן-תקין/,,,,,,,כללי,,
"תומכת הלמידה בגן הילדות והילדים תשפ""ג",https://www.ganeytikva.org.il./תומכת-הלמידה-בגן-הילדות-והילדים-תשפ-ג/,,,,,,,כללי,,
"חוברת נהלים, ביטחון בטיחות ושע""ח גני הילדות והילדים תשפ""ג",https://www.ganeytikva.org.il./חוברת-נהלים-ביטחון-בטיחות-ושע-ח-גני-הילדים-תשפ-ג-גני-תקווה/,,,,,,,כללי,,
הנחיות פתיחת קריאה מוקד 106 גני הילדות והילדים,https://www.ganeytikva.org.il./נהלי-מוקד/,,,,,,,כללי,,
סדר פעולות בחירום בגני הילדות והילדים,https://www.ganeytikva.org.il./סדר-פעולות-בחירום-בגני-הילדות-והילדים/,,,,,,,כללי,,
כתבות,https://www.ganeytikva.org.il/articles/,,,,,,,כללי,,
אגפי העירייה,https://www.ganeytikva.org.il./אגפי-העירייה/,,,,,,,כללי,,
לשכת ראש העיר,https://www.ganeytikva.org.il./לשכת-ראש-העיר/,,"ראשת העיר,ראש העיר,לשכת ראש העיר ",,,,,כללי,,
"לשכת מנכ""ל",https://www.ganeytikva.org.il./לשכת-מנכל/,,,,,,,כללי,,
תרבות ואירועים,https://www.ganeytikva.org.il/285/.,,,,,,,כללי,,
מוקד 106,https://www.ganeytikva.org.il./מוקד-106/,,"מוקד עירוני,מוקד תושבים,106",,,,,כללי,,
ועדת תרומות והנצחה באמצעות תרומה,https://www.ganeytikva.org.il./ועדת-תרומות-והנצחה-באמצעות-תרומה/,,,,,,,כללי,,
אגף החינוך והנוער,https://www.ganeytikva.org.il./אגף-החינוך-והנוער/,,,,,,,כללי,,
גיל הרך לידה עד שלוש,https://www.ganeytikva.org.il./גיל-הרך-לידה-עד-3/,,,,,,,כללי,,
הגנים הפרטיים ומעונות היום,https://www.ganeytikva.org.il./רשימת-מעונות-יום-וגנים-פרטיים/,,,,,,,כללי,,
קהילה מלידה,https://www.coing.co/Gantik_Taf,,,,,,,כללי,,
חינוך קדם יסודי גני הילדים שלוש עד שש,https://www.ganeytikva.org.il./חינוך-קדם-יסודי-גני-הילדים-שלוש-עד-שש/,,,,,,,כללי,,
"הליך השיבוץ לגני הילדות והילדים לשנת תשפ""ה",https://www.ganeytikva.org.il./הליך-השיבוץ-לגני-הילדות-והילדים-לשנת-תשפה/,,"שיבוץ לגנים,שיבוץ גני ילדים",,,,,כללי,,
נעים להכיר גני הילדות והילדים גני תקווה,https://www.ganeytikva.org.il./נעים-להכיר-גני-הילדים-גני-תקווה/,,,,,,,כללי,,
אזורי הרישום,https://www.ganeytikva.org.il/848/.,,"רישום גני ילדים,רישום לגנים",,,,,כללי,,
רישום לגני הילדות והילדים,https://www.ganeytikva.org.il./רישום-לגני-הילדות-והילדים/,,,,,,,כללי,,
תבחיני השיבוץ לגני הילדות והילדים,https://www.ganeytikva.org.il./תבחיני-השיבוץ-לגני-הילדים/,,,,,,,כללי,,
הליך הרישום לגני הילדות והילדים,https://www.ganeytikva.org.il./הליך-הרישום-לגני-ילדים/,,"שאלות על גני ילדים,מידע גני ילדים,הליך רישום לגן",,,,,כללי,,
שאלות ותשובות - גני הילדות והילדים,https://www.ganeytikva.org.il./שאלות-ותשובות-גני-הילדים/,,"שאלות על גני ילדים,מידע גני ילדים ",,,,,כללי,,
צהרוני גני הילדות והילדים,https://www.mygt.org.il/category/%d7%a2%d7%95%d7%93-%d7%91%d7%90%d7%aa%d7%a8/%d7%9b%d7%9c-%d7%aa%d7%95%d7%9b%d7%a0%d7%99%d7%95%d7%aa-%d7%90%d7%97%d7%a8%d7%99-%d7%91%d7%99%d7%aa-%d7%94%d7%a1%d7%a4%d7%a8-%d7%95%d7%94%d7%92%d7%a0%d7%99%d7%9d/%d7%a6%d7%94%d7%a8%d7%95%d7%a0%d7%99-%d7%97%d7%9e%d7%a0%d7%99%d7%95%d7%aa-%d7%91%d7%92%d7%a0%d7%99-%d7%94%d7%99%d7%9c%d7%93%d7%99%d7%9d/,,,,,,,כללי,,
מערך התמיכה של גני הילדות והילדים,https://www.ganeytikva.org.il./מערך-התמיכה-של-גני-הילדים/,,,,,,,כללי,,
יצירת קשר עם המחלקה לחינוך קדם יסודי,https://www.ganeytikva.org.il./יצירת-קשר-עם-המחלקה-לחינוך-קדם-יסודי/,,,,,,,כללי,,
ברוח החינוך המונטסורי,https://www.ganeytikva.org.il./ברוח-החינוך-המונטסורי/,,,,,,,כללי,,
גני הילדות והילדים ברוח החינוך המונטסורי ביישוב,https://www.ganeytikva.org.il./גני-הילדות-והילדים-ברוח-החינוך-המונטסורי-ביישוב/,,,,,,,כללי,,
תקנון ההגרלה לגנים ברוח החינוך המונטסורי,https://www.ganeytikva.org.il./תקנון-ההגרלה-לגנים-ברוח-החינוך-המונטסורי/,,"גן מונטוסורי,גנים מונטוסורים",,,,,כללי,,
רישום ושיבוץ לילדים וילדות ממשיכים בגנים ברוח החינוך המונטסורי,https://www.ganeytikva.org.il./תהליך-הרישום-והשיבוץ-לשנת-תשפ-ד-ללומדים-בשנת-תשפ-ג-בגני-הילדות-והילדים-ברוח-המונטסורי/,,,,,,,כללי,,
"הליך הרישום והשיבוץ, לילדים וילדות חדשים.ות בגנים ברוח החינוך המונטסורי",https://www.ganeytikva.org.il./הליך-הרישום-והשיבוץ-לשנת-תשפ-ד-לילדים-וילדות-חדשים-ות-בגנים-ברוח-החינוך-המונטסורי/,,,,,,,כללי,,
הימים הראשונים בגן,https://www.ganeytikva.org.il./הימים-הראשונים-בגן/,,,,,,,כללי,,
מערך העשרה בגני הילדות והגני ילדים,https://www.ganeytikva.org.il./מערך-העשרה-בגני-הילדות-והגני-ילדים/,,,,,,,כללי,,
תשלומי הורים בגני הילדות והילדים,https://www.ganeytikva.org.il./תשלומי-הורים-בגני-הילדות-והילדים/,,,,,,,כללי,,
ילדים וילדות עם צרכים מיוחדים,https://www.ganeytikva.org.il./ילדים-וילדות-עם-צרכים-מיוחדים/,,"צרכים מיוחדים,נגישות",,,,,כללי,,
בתי הספר,https://www.ganeytikva.org.il./בתי-הספר/,,,,,,,כללי,,
חווה חקלאית,https://www.ganeytikva.org.il./0-1704723501-חווה-חקלאית/,,,,,,,כללי,,
"שלהבות חב""ד",https://www.ganeytikva.org.il./שלהבות-חב-ד/,,,,,,,כללי,,
חטיבת הראשונים,https://www.ganeytikva.org.il./חטיבת-ראשונים/,,,,,,,כללי,,
תיכון מיתר,https://www.ganeytikva.org.il./תיכון-מיתר/,,,,,,,כללי,,
תלמוד תורה,https://www.ganeytikva.org.il./תלמוד-תורה/,,,,,,,כללי,,
בית יעקב,https://www.ganeytikva.org.il./בית-יעקב/,,,,,,,כללי,,
"שיבוצים לכיתות א' תשפ""ד",https://www.ganeytikva.org.il./שיבוצים-לכיתות-א-תשפ-ב/,,,,,,,כללי,,
רישום לבתי ספר,https://www.ganeytikva.org.il./רישום-לבתי-ספר/,,,,,,,כללי,,
חוברת רישום,https://www.ganeytikva.org.il./0-1640157822-/,,,,,,,כללי,,
צור קשר עם בתי הספר ביישוב,https://www.ganeytikva.org.il./צור-קשר-עם-בתי-הספר-ביישוב/,,,,,,,כללי,,
שאלות ותשובות  רישום לבתי ספר,https://www.ganeytikva.org.il./שאלות-ותשובות-בתי-ספר/,,,,,,,כללי,,
רישום תושב חדש למערכת החינוך היישובית,https://www.ganeytikva.org.il./רישום-תושב-חדש-למערכת-החינוך-היישובית/,,"תושב חדש,תושבת חדשה,תושבים חדשים,תושב חדש רישום,חינוך תושבים חדשים",,,,,כללי,,
חינוך מיוחד והטיפול בפרט,https://www.ganeytikva.org.il./טיפול-בפרט/,,,,,,,כללי,,
"חוברת המחלקה לטיפול בפרט והחינוך המיוחד תשפ""ד",https://www.ganeytikva.org.il./חוברת-המחלקה-לטיפול-בפרט-והחינוך-המיוחד-תשפ-ד/,,,,,,,כללי,,
שאלות תשובות מחלקת פרט,https://www.ganeytikva.org.il./שאלות-תשובות-מחלקת-פרט/,,,,,,,כללי,,
מטרות ​המחלקה לטיפול בפרט,https://www.ganeytikva.org.il./מטרות-המחלקה-לטיפול-בפרט/,,,,,,,כללי,,
"מסגרות חינוך מיוחד (מעודכן לשנת הלימודים תשפ""ד 2023-2024):",https://www.ganeytikva.org.il./מסגרות-חינוך-מיוחד-מעודכן-לשנת-הלימודים-תשפ-ב-2021-2022/,,,,,,,כללי,,
"קידום נוער-היל""ה ותכנית 'עוגן שלי'",https://www.ganeytikva.org.il./קידום-הנוער/,,,,,,,כללי,,
שירותי המחלקה,https://www.ganeytikva.org.il./שירותי-המחלקה/,,,,,,,כללי,,
גיל ההתבגרות,https://www.ganeytikva.org.il./גיל-ההתבגרות/,,,,,,,כללי,,
"בית ספר היל""ה",https://www.ganeytikva.org.il./בית-ספר-היל-ה/,,,,,,,כללי,,
תכנית 'עוגן שלי',https://www.ganeytikva.org.il./תכנית-עוגן-שלי/,,,,,,,כללי,,
בעלי תפקי​דים,https://www.ganeytikva.org.il./בעלי-תפקי-דים/,,,,,,,כללי,,
שעות פעילות וכתובתינו,https://www.ganeytikva.org.il./שעות-פעילות-וכתובתינו/,,,,,,,כללי,,
איך פונים אלינו?,https://www.ganeytikva.org.il./איך-פונים-אלינו/,,,,,,,כללי,,
"ביקור סדיר - קב""ס",https://www.ganeytikva.org.il./ביקור-סדיר-קב-ס/,,,,,,,כללי,,
"השירות הפסיכולוגי החינוכי - שפ""ח",https://www.ganeytikva.org.il./השירות-הפסיכולוגי/,,,,,,,כללי,,
טיפים להתחלה רגועה ונעימה בגני הילדים,https://www.ganeytikva.org.il./שנת-הלימודים-תשפ-ב-כבר-כאן-הנה-כמה-טיפים-מהשירות-הפסיכולוגי-כדי-שתהיה-התחלה-רגועה-ונעימה-בגני-הילדים/,,,,,,,כללי,,
שרות פסיכולוגי משלים,https://www.ganeytikva.org.il/smartforms/340/,,,,,,,כללי,,
צוות השירות הפסיכולוגי,https://www.ganeytikva.org.il./צוות-השירות-הפסיכולוגי/,,,,,,,כללי,,
נוער,https://www.ganeytikva.org.il./מחלקת-נוער-וצעירים/,,,,,,,כללי,,
מסגרות מעורבות חברתית לנוער,https://www.ganeytikva.org.il./מסגרות-מעורבות-חברתית-לנוער/,,,,,,,כללי,,
התנסויות נוער עם אזרחים ותיקים,https://www.ganeytikva.org.il./duplicated-1686554398/,,,,,,,כללי,,
"התנסויות נוער תנועות, ארגוני נוער ותוכניות מנהיגות",https://www.ganeytikva.org.il./התנסויות-נוער-תנועות-ארגוני-נוער-ותוכניות-מנהיגות/,,,,,,,כללי,,
התנסויות נוער רפואה ובריאות,https://www.ganeytikva.org.il./התנסויות-נוער-רפואה-ובריאות/,,,,,,,כללי,,
התנסויות נוער צרכים מיוחדים,https://www.ganeytikva.org.il./duplicated-1687073904/,,,,,,,כללי,,
התנסויות נוער בספורט,https://www.ganeytikva.org.il./התנסויות נוער בספורט מסגרות התנדבות/,,,,,,,כללי,,
התנסויות נוער אמנות ותרבות,https://www.ganeytikva.org.il./התנסויות-נוער-אמנות-ותרבות/,,,,,,,כללי,,
התנסויות נוער שאלות ותשובות,https://www.ganeytikva.org.il./התנסויות-נוער-שאלות-ותשובות/,,,,,,,כללי,,
התנסויות נוער בקהילה,https://www.ganeytikva.org.il./התנסויות-נוער-בקהילה/,,,,,,,כללי,,
התנסויות נוער בבית הספר,https://www.ganeytikva.org.il./duplicated-1688461817/,,,,,,,כללי,,
התנסויות נוער מהנייד,https://www.ganeytikva.org.il./duplicated-1688462589/,,,,,,,כללי,,
התנסויות נוער עם בעלי חיים,https://www.ganeytikva.org.il./duplicated-1688462994/,,,,,,,כללי,,
התנסויות נוער חונכות,https://www.ganeytikva.org.il./duplicated-1688463466/,,,,,,,כללי,,
מלגות לימודים,https://www.ganeytikva.org.il./0-1596704936-מלגות-לימודים/,,,,,,,כללי,,
מאגר מלגות לימודים,https://www.ganeytikva.org.il./מאגר-מלגות-לימודים/,,,,,,,כללי,,
מלגות לימודים בעירייה,https://www.ganeytikva.org.il./0-1596704902-מלגות-לימודים/,,"מלגות לתושבים,מלגות,מילגות",,,,,כללי,,
פעילויות ואירועים לנוער וצעירים,https://www.ganeytikva.org.il/events/?category=5,,,,,,,כללי,,
עובדי המחלקה,https://www.ganeytikva.org.il./0-1563096787-יצירת-קשר/,,,,,,,כללי,,
מועדון הנוער- התקווה 7,https://www.ganeytikva.org.il./בית-הנוער/,,,,,,,כללי,,
מנהיגות בנוער,https://www.ganeytikva.org.il./מועצת-הנוער/,,,,,,,כללי,,
מרכז המוזיקה- The Basement,https://www.ganeytikva.org.il./מרכז-המוזיקה/,,,,,,,כללי,,
הרכבי מוסיקה,https://www.ganeytikva.org.il./0-1563093809-אודות/,,,,,,,כללי,,
אולפן הקלטות,https://www.ganeytikva.org.il./יצירת-קשר/,,,,,,,כללי,,
מרכז הכנה לשירות משמעותי,https://www.ganeytikva.org.il./אסקייפ-רום/,,,,,,,כללי,,
תהליך הרשמה למכינות ושנות שירות,https://www.ganeytikva.org.il./תהליך-הרשמה-למכינות-ושנות-שירות/,,,,,,,כללי,,
תנועות וארגוני הנוער,https://www.ganeytikva.org.il./תנועות-נוער/,,,,,,,כללי,,
צופים,https://www.ganeytikva.org.il./צופים/,,,,,,,כללי,,
הנוער העובד והלומד,https://www.ganeytikva.org.il./הנוער-העובד-והלומד/,,,,,,,כללי,,
בני עקיבא,https://www.ganeytikva.org.il./בני-עקיבא/,,,,,,,כללי,,
עזרא,https://www.ganeytikva.org.il./עזרא/,,,,,,,כללי,,
איגי,https://www.ganeytikva.org.il./איגי/,,,,,,,כללי,,
חוגי סיור של החברה להגנת הטבע,https://www.ganeytikva.org.il./0-1577363240-איגי/,,,,,,,כללי,,
ביטוח תאונות אישיות לתלמידים,https://eur01.safelinks.protection.outlook.com/?url=https%3A%2F%2Finsuranceagency.mashcal.co.il%2Fauthorities%2Fganeytikva%2F&data=05%7C02%7Croteme%40gantik.org.il%7C41adf9afe9424947577608dc1a556b52%7Cdfb7afcd7187458ba8d626dda8e44e31%7C0%7C0%7C638414201374161999%7CUnknown%7CTWFpbGZsb3d8eyJWIjoiMC4wLjAwMDAiLCJQIjoiV2luMzIiLCJBTiI6Ik1haWwiLCJXVCI6Mn0%3D%7C3000%7C%7C%7C&sdata=iEoCO9MYlwIxS4F8nITlA%2BY28o1%2FB1lZt64ABH8NF8c%3D&reserved=0,,"ביטוח לתלמידים,ביטוח תלמיד",,,,,כללי,,
מחלקת הרווחה והשירותים החברתיים,https://www.ganeytikva.org.il./אגף-רווחה-והשירותים-החברתיים/,,,,,,,כללי,,
גישור בקהילה,https://www.ganeytikva.org.il./0-1713104816-גישור-בקהילה/,,,,,,,כללי,,
אזרחים ותיקים,https://www.ganeytikva.org.il./אזרחים-ותיקים/,,"הטבות אזרח ותיק,אזרחים ותיקים",,,,,כללי,,
קהילה תומכת,https://www.ganeytikva.org.il./קהילה-תומכת/,,,,,,,כללי,,
מועדון חברתי,https://www.ganeytikva.org.il./מועדון-חברתי/,,,,,,,כללי,,
מרכז יום אופק,https://www.ganeytikva.org.il./מרכז-יום-אופק/,,,,,,,כללי,,
כיתות אזרחים ותיקים,https://www.ganeytikva.org.il./כיתות-אזרחים-ותיקים/,,העשרה אזרחים ותיקים,,,,,כללי,,
בני משפחה המטפלים באזרח הותיק,https://www.ganeytikva.org.il./בני-משפחה-המטפלים-באזרח-הותיק/,,,,,,,כללי,,
ספרייה בשפה הרוסית,https://www.ganeytikva.org.il./ספרייה-בשפה-הרוסית/,,,,,,,כללי,,
תרבות ופנאי לאזרחים ותיקים,https://www.coing.co/Gantik_Vatikim,,,,,,,כללי,,
תכנית תרבותית חברתית לשורדי שואה,https://www.ganeytikva.org.il/news/399/,,,,,,,כללי,,
מרכז פנאי פלוס לאזרחים וותיקים,https://www.ganeytikva.org.il./מרכז-פנאי-פלוס-לאזרחים-וותיקים/,,,,,,,כללי,,
בעלי תפקידים באגף הרווחה והשירותים החברתיים,https://www.ganeytikva.org.il./בעלי-תפקידים-באגף-הרווחה-והשירותים-החברתיים/,,,,,,,כללי,,
מנהל מוגבלויות,https://www.ganeytikva.org.il./מנהל-מוגבלויות/,,,,,,,כללי,,
עיכוב התפתחותי מאובחן בילדות,https://www.ganeytikva.org.il./עיכוב-התפתחותי-מאובחן-בילדות/,,,,,,,כללי,,
אוטיזם,https://www.ganeytikva.org.il./אוטיזם/,,,,,,,כללי,,
מוגבלות שכלית התפתחותית,https://www.ganeytikva.org.il./מוגבלות-שכלית-התפתחותית/,,,,,,,כללי,,
שיקום,https://www.ganeytikva.org.il./שיקום/,,,,,,,כללי,,
התמכרויות,https://www.ganeytikva.org.il./התמכרויות/,,,,,,,כללי,,
משפחה וילד בקהילה,https://www.ganeytikva.org.il./משפחה-וילד-בקהילה/,,,,,,,כללי,,
ליווי למשפחות בעתות משבר,https://www.ganeytikva.org.il./ליווי-למשפחות-בעתות-משבר/,,,,,,,כללי,,
ליווי למשפחות,https://www.ganeytikva.org.il./ליווי-למשפחות/,,,,,,,כללי,,
הגנה על קטינים בסיכון,https://www.ganeytikva.org.il./הגנה-על-קטינים-בסיכון/,,,,,,,כללי,,
סדרי דין,https://www.ganeytikva.org.il./סדרי-דין/,,,,,,,כללי,,
מרכז חוסן למשפחה,https://www.ganeytikva.org.il./מרכז-חוסן-למשפחה/,,,,,,,כללי,,
התחנה לטיפול זוגי ומשפחתי,https://www.ganeytikva.org.il./התחנה-לטיפול-זוגי-ומשפחתי/,,,,,,,כללי,,
מועדוניות,https://www.ganeytikva.org.il./מועדוניות/,,,,,,,כללי,,
היחידה לשלום המשפחה,https://www.ganeytikva.org.il./0-1703492867-היחידה-לשלום-המשפחה/,,,,,,,כללי,,
בית ירוק בקהילה,https://www.ganeytikva.org.il./בית-ירוק-בקהילה/,,,,,,,כללי,,
חוסן לקהילה,https://www.ganeytikva.org.il./חוסן-לקהילה/,,,,,,,כללי,,
מידע חשוב להורים פרודים/גרושים,https://www.ganeytikva.org.il./מידע-חשוב-להורים-פרודים-גרושים/,,,,,,,כללי,,
"השירות לנוער, צעירים וצעירות",https://www.ganeytikva.org.il./השירות-לנוער-צעירים-וצעירות/,,,,,,,כללי,,
ליווי פרטני,https://www.ganeytikva.org.il./ליווי-פרטני/,,,,,,,כללי,,
מועדון נוער ייחודי לנוער חרדי,https://www.ganeytikva.org.il./מועדון-נוער-ייחודי-לנוער-חרדי/,,,,,,,כללי,,
פעילויות לקהילה,https://www.ganeytikva.org.il./פעילויות-לקהילה/,,,,,,,כללי,,
יחידת התנדבות עירונית,https://www.coing.co/Gantik_Volunteers,,,,,,,כללי,,
אגף הכנסות גבייה וארנונה,https://www.ganeytikva.org.il./הכנסות-גבייה-ארנונה/,,,,,,,גבייה,,
צווי מיסים ארנונה,https://www.ganeytikva.org.il./צווי-מיסים-ארנונה/,,,,,,,כללי,,
תווי מזון לזכאים,https://www.ganeytikva.org.il./תווי-מזון-לזכאים/,,,,,,,כללי,,
תשלום ארנונה,https://city4u.co.il/PortalServicesSite/cityPay/502200?SId=1&LAMASID=502200,,,,,,,כללי,,
טפסים - גבייה,https://www.ganeytikva.org.il/forms/?category=44,,,,,,,כללי,,
מידע בנושא הנחות בארנונה כללי,https://www.ganeytikva.org.il./מידע-בנושא-הנחות-בארנונה-כללי/,,,,,,,גבייה,,
החלטות ועדת ערר,https://www.ganeytikva.org.il./החלטות-ועדת-ערר/,,,,,,,כללי,,
חוקי עזר עירוניים,https://www.ganeytikva.org.il./חוקי-עזר-עירוניים/,,,,,,,כללי,,
סקר נכסים ומדידות - שאלות ותשובות,https://www.ganeytikva.org.il/1162/?preview=d5ew6s16a41w15,,,,,,,כללי,,
מחלקת נכסים והשכרת מרחבים,https://www.ganeytikva.org.il./מחלקת-נכסים/,,,,,,,כללי,,
טופס בקשה להשכרת מרחב,https://www.ganeytikva.org.il./טופס-בקשה-להשכרת-מרחב/,,,,,,,כללי,,
אגף הנדסה,https://www.ganeytikva.org.il./אגף-הנדסה/,,"היתר,בקשה להיתר,בקשה להריסה,בנייה חדשה,טופס 4,שימוש חורג",,,,,כללי,,
זימון תורים לועדה המקומית,https://www.ganeytikva.org.il/appointments/,,"תור להנדסה,תור לדיון בועדה",,,,,כללי,,
אתר ועדה מקומית לתכנון ובנייה,http://handasa.ganeytikva.org.il/Pages/default.aspx,,,,,,,כללי,,
תכנית המתאר הכוללנית של גני תקווה,https://www.ganeytikva.org.il./תכנית-המתאר-הכוללנית-של-גני-תקווה/,,"תוכנית מתאר,תוכנית מתאר עיר ",,,,,כללי,,
אישור היעדר חובות (אישור לטאבו),https://www.ganeytikva.org.il./אישור-היעדר-חובות-אישור-לטאבו/,,"אישור לדירה,אישור לטאבו",,,,,כללי,,
רישוי עסקים,https://www.ganeytikva.org.il./רישוי-עסקים/,,,,,,,כללי,,
הרפורמה בחוק רישוי עסקים,https://www.ganeytikva.org.il./הרפורמה-בחוק-רישוי-עסקים/,,,,,,,כללי,,
מהו צו רישוי עסקים,https://www.ganeytikva.org.il./מהו-צו-רישוי-עסקים/,,,,,,,רישוי עסקים,,
המפרט הרשותי של העירייה,https://www.ganeytikva.org.il./0-1610262207-המפרט-הרשותי-של-מועצה/,,,,,,,כללי,,
דרישות כלליות מעסקים,https://www.ganeytikva.org.il./0-1610263403-דרישות-כלליות-מעסקים/,,,,,,,כללי,,
דרישות פרטניות מעסקים,https://www.ganeytikva.org.il./0-1610263790-דרישות-פרטניות-מעסקים/,,,,,,,כללי,,
מעקב בקשה לקבלת רישיון עסק,https://rishuy-portal.citysys.co.il/?mun=ganey_tikva#/baal/login,,,,,,,כללי,,
הגשת בקשה מקוונת לקבלת רישיון עסק,https://rishuy-portal.citysys.co.il/new_request/?mun=ganey_tikva,,,,,,,כללי,,
מערכת זימון תורים למחלקת רישוי ופיקוח עסקים,https://www.ganeytikva.org.il/appointments/?id=24  ,,,,,,,כללי,,
פיקוח על הבניה והעסקים,https://www.ganeytikva.org.il./פיקוח-על-הבניה-והעסקים/,,,,,,,כללי,,
הנחיות כלליות לעסקים,https://www.ganeytikva.org.il./דרישות-כלליות-מעסקים/,,,,,,,רישוי עסקים,,
דרישות פרטניות מעסקים,https://www.ganeytikva.org.il./דרישות-פרטניות-מעסקים/,,,,,,,רישוי עסקים,,
הנחיות לשימוש במפרט האחיד,https://www.ganeytikva.org.il./הנחיות-לשימוש-במפרט-האחיד/,,,,,,,כללי,,
עמדות טעינה,https://www.ganeytikva.org.il./עמדות-טעינה/,,"עמודות טעינה,רכב חשמלי טעינה,איפה יש עמדות טעינה ",,,,,כללי,,
תחבורה ציבורית,https://www.ganeytikva.org.il./תחבורה-ציבורית/,,"תחנות אוטובוס,תחנת אוטובוס,רכבת קלה ",,,,,כללי,,
תלונה על קו אוטובוס,https://www.ganeytikva.org.il./תלונה-על-קו-אוטובוס/,,,,,,,כללי,,
מיזם רכב שיתופי  - בוחרים בתחבורה ירוקה ושיתופית,https://www.ganeytikva.org.il./מיזם-רכב-שיתופי-עוברים-לתחבורה-ירוקה-ושיתופית/,,,,,,,כללי,,
מערכות לייצור אנרגיה מתחדשת על גגות מבני ציבור,https://www.ganeytikva.org.il./פרויקט-סולארי-על-גגות-מבני-ציבור/,,"פאנלים סולרים,אנרגיה מתחדשת",,,,,כללי,,
מידע כללי וממשלתי על מערכות פוטו-וולטאיות,https://www.ganeytikva.org.il./מידע-כללי-על-מערכות-סולאריות/,,,,,,,כללי,,
אתרי פאנלים סולאריים בתחומי הרשות,https://www.ganeytikva.org.il./פאנלים-סולאריים/,,,,,,,כללי,,
שאלות תשובות,https://www.ganeytikva.org.il./שאלות-תשובות/,,,,,,,כללי,,
מקורות מידע נוספים,https://www.ganeytikva.org.il./מקורות-מידע-נוספים/,,,,,,,כללי,,
כלים חינוכיים,https://www.ganeytikva.org.il./כלים-חינוכיים/,,,,,,,כללי,,
נוהל הקמת גינת כלבים,https://www.ganeytikva.org.il./0-1622015301-/,,גינות כלבים ,,,,,כללי,,
גזברות,https://www.ganeytikva.org.il./אגף-גזברות-והנהלת-חשבונות/,,,,,,,כללי,,
הנהלת חשבונות,https://www.ganeytikva.org.il./הנהלת-חשבונות/,,,,,,,כללי,,
שכר,https://www.ganeytikva.org.il./שכר/,,,,,,,כללי,,
תמיכות עירוניות,https://www.ganeytikva.org.il./תמיכות-עירוניות/,,,,,,,כללי,,
רכש,https://www.ganeytikva.org.il./מחלקת-רכש/,,,,,,,כללי,,
הכנסות וארנונה,https://www.ganeytikva.org.il/171/,,גבייה,,,,,גבייה,,
אגף חזות פני העיר,https://www.ganeytikva.org.il./אגף-חזות-פני-העיר/,,,,,,,כללי,,
שירות וטרינרי,https://www.ganeytikva.org.il./שירות-וטרינרי/,,,,,,,כללי,,
מחלקת לוגיסטיקה,https://www.ganeytikva.org.il./מחלקת-לוגיסטיקה/,,,,,,,כללי,,
השאלת ציוד לאבלים,https://www.ganeytikva.org.il./השאלת-ציוד-לאבלים/,,,,,,,כללי,,
"מפגעי תעבורה - תיקון, שיפוץ, שילוט",https://www.ganeytikva.org.il./מפגעי-תעבורה-תיקון-שיפוץ-שילוט/,,,,,,,כללי,,
מפגעי מזג אוויר,https://www.ganeytikva.org.il./מפגעי-מזג-אוויר/,,"סופה,גשם כבד,הצפה,עמוד שקרס,עץ שקרס",,,,,כללי,,
תחזוקה שוטפת ברחבי העיר,https://www.ganeytikva.org.il./תחזוקה-שוטפת-ברחבי-העיר/,,,,,,,כללי,,
תחזוקה שוטפת במוסדות חינוך וגני ילדים,https://www.ganeytikva.org.il./תחזוקה-שוטפת-במוסדות-חינוך-וגני-ילדים/,,,,,,,כללי,,
אירועים מטעם העירייה – הקמה ופירוק,https://www.ganeytikva.org.il./אירועים-מטעם-העירייה-הקמה-ופירוק/,,,,,,,כללי,,
ליווי קבלני משנה בתחזוקה כללית,https://www.ganeytikva.org.il./ליווי-קבלני-משנה-בתחזוקה-כללית/,,"קבלני משנה,קבלני תחזוקה ",,,,,כללי,,
מחלקת גנים ונוף ומתקני משחק,https://www.ganeytikva.org.il./מחלקת-גינון-ומתקני-משחק/,,"מתקני משחק,גינת משחקים",,,,,כללי,,
יצירת קשר עם מחלקת גנים ונוף,https://www.ganeytikva.org.il./יצירת-קשר-עם-מחלקת-גינון/,,,,,,,כללי,,
אישורי כריתת עצים,https://www.ganeytikva.org.il./אישורי-כריתת-עצים/,,,,,,,כללי,,
נוהל בקשת אישור כריתה,https://www.ganeytikva.org.il./נוהל-בקשת-אישור-כריתה/,,,,,,,כללי,,
אישורים שניתנו,https://www.gov.il/he/departments/guides/pro_felling_trees,,,,,,,כללי,,
תכנית גינון שבועית בחתך רחובות במחלקת הגינון,https://www.ganeytikva.org.il./תכנית-גינון-שבועית-בחתך-רחובות-ותחומי-עבודה-של-מחלקת-הגינון/,,,,,,,כללי,,
העצים של גני תקווה,https://www.ganeytikva-trees.org.il/,,,,,,,כללי,,
מחלקת פיקוח עירוני,https://www.ganeytikva.org.il./מחלקת-פיקוח-עירוני/,,,,,,,כללי,,
נוהל מדיניות אכיפת חוקי עזר,https://www.ganeytikva.org.il./נוהל-מדיניות-אכיפת-חוקי-עזר/,,,,,,,כללי,,
מדיניות אירועים פרטיים בפארקים ציבוריים,https://www.ganeytikva.org.il./מדיניות-אירועים-פרטיים-בפארקים-ציבוריים/,,,,,,,כללי,,
"דו""חות חניה ופיקוח",https://www.ganeytikva.org.il./דו-חות-חניה-ופיקוח/,,,,,,,כללי,,
אכיפת איסור עישון,https://www.ganeytikva.org.il./אכיפת-איסור-עישון/,,,,,,,כללי,,
פיקוח וחניה,https://www.ganeytikva.org.il./פיקוח-וחניה/,,,,,,,כללי,,
"מחלקת שפ""ע",https://www.ganeytikva.org.il./מחלקת-שפ-ע/,,,,,,,כללי,,
נוהל הוצאה ופינוי גזם/גרוטאות ברחבי העיר,https://www.ganeytikva.org.il./נוהל-הוצאה-ופינוי-גזם-גרוטאות-ברחבי-העיר/,,,,,,,כללי,,
"ועדה לאיכות סביבה ושפ""ע - פרוטוקולים",https://www.ganeytikva.org.il./protocols/?year=0&category=3&order=date-desc,,,,,,,כללי,,
ימי פינוי ונוהל הוצאת גזם וגרוטאות,https://www.ganeytikva.org.il./ימי-פינוי-ונוהל-הוצאת-גזם-וגרוטאות/,,,,,,,כללי,,
עושים איכות סביבה - ממחזרים,https://www.ganeytikva.org.il./עושים-איכות-סביבה-ממחזרים/,,,,,,,כללי,,
פינוי אשפה,https://www.ganeytikva.org.il./נוהל-הוצאה-ופינוי-גזם-גרוטאות-ברחבי-המועצה/,,"נוהל הוצאה, פינוי אשפה,אשפה,זבל,פסולת",,,,,שפע,,
ימי פינוי אשפה ביתית ניקיון רחובות ומיקום מחזוריות לפי רחוב,https://www.ganeytikva.org.il./ימי-פינוי-אשפה-ביתית-ומיקום-מחזוריות-לפי-רחובות/,,"פינוי אשפה ימי פינוי,גזם ימי פינוי,מתי מוצאים גזם,גרוטאות,אשפה ביתית,פסולות בתית,זבל,מיחזוריות,מחזור,פינוי,רחוב",,,,,שפע,,
מחלקת חשמל ותאורה,https://www.ganeytikva.org.il./מחלקת-חשמל-ותאורה/,,,,,,,כללי,,
מתן שירות אחזקה לתאורת רחוב,https://www.ganeytikva.org.il./מתן-שירות-אחזקה-לתאורת-רחוב/,,,,,,,כללי,,
מתן שירות אחזקה למוסדות החינוך וציבורי,https://www.ganeytikva.org.il./מתן-שירות-אחזקה-למוסדות-החינוך-וציבורי/,,,,,,,כללי,,
מתן שירות לאירועי העירייה,https://www.ganeytikva.org.il./מתן-שירות-לאירועי-העירייה/,,,,,,,כללי,,
ביצוע בדיקות קרינה במוסדות חינוך,https://www.ganeytikva.org.il./ביצוע-בדיקות-קרינה-במוסדות-חינוך/,,,,,,,כללי,,
הקצאת מקום חנייה לנכים,https://www.ganeytikva.org.il./הקצאת-מקום-חנייה-לנכים/,,,,,,,כללי,,
מחלקת אחזקת מערכות,https://www.ganeytikva.org.il./מחלקת-אחזקת-מערכות/,,,,,,,כללי,,
אנרגיה סולארית – מערכות פוטו וולטאי,https://www.ganeytikva.org.il./אנרגיה-סולארית-מערכות-פוטו-וולטאי/,,,,,,,כללי,,
מעליות ומחסומים,https://www.ganeytikva.org.il./מעליות-ומחסומים/,,,,,,,כללי,,
מערכות מיזוג אוויר מרכזיות,https://www.ganeytikva.org.il./מערכות-מיזוג-אוויר-מרכזיות/,,,,,,,כללי,,
מערכות שחרור עשן,https://www.ganeytikva.org.il./מערכות-שחרור-עשן/,,,,,,,כללי,,
"חדרי משאבות ומז""חים",https://www.ganeytikva.org.il./חדרי-משאבות-ומז-חים/,,,,,,,כללי,,
בריכות ביולוגיות,https://www.ganeytikva.org.il./בריכות-ביולוגיות/,,,,,,,כללי,,
"מחלקת בטחון, בטיחות וחירום",https://www.ganeytikva.org.il./אגף-לבטחון-בטיחות-וחירום/,,,,,,,כללי,,
סטטוס גני תקווה פיקוד העורף,https://www.ganeytikva.org.il./סטטוס-גני-תקווה-פיקוד-העורף/,,,,,,,כללי,,
היערכות לחירום - הנחיות מצילות חיים,https://www.ganeytikva.org.il./duplicated-1659813076/,,,,,,,כללי,,
רשימת מקלטים לשעת חירום,https://www.ganeytikva.org.il./duplicated-1679384251/,,,,,,,כללי,,
מיזם 100,https://www.ganeytikva.org.il./מיזם-100/,,,,,,,כללי,,
יחידת סער,https://www.ganeytikva.org.il./יחידת-סער/,,,,,,,כללי,,
הנחיות לציבור במזג אוויר סוער,https://www.ganeytikva.org.il./הנחיות-לציבור-במזג-אוויר-סוער/,,,,,,,כללי,,
מצלמות אבטחה ביישוב,https://www.ganeytikva.org.il./מצלמות-אבטחה-ביישוב/,,,,,,,כללי,,
משמר השכונה,https://www.ganeytikva.org.il./בסיס-מתנדבים-ושיטור-קהילתי/,,,,,,,כללי,,
אגף קהילה וקידום עסקים ומעמד האישה,https://www.ganeytikva.org.il./אגף-קהילה-וקידום-עסקים/,,,,,,,כללי,,
מחוברות - קהילת הנשים של גני תקווה,https://www.ganeytikva.org.il./מחוברות-קהילת-נשים/,,,,,,,כללי,,
צילומי תדמית של מחוברות,https://www.ganeytikva.org.il./צילומי-תדמית/,,,,,,,כללי,,
מחוברות לטוב,https://www.ganeytikva.org.il./duplicated-1697993758/,,,,,,,כללי,,
חמישי נשי,https://www.ganeytikva.org.il./חמישי נשי /,,,,,,,כללי,,
קורס מבוא - NLP ומיינדפולנס,https://www.ganeytikva.org.il./0-1644502385-/,,,,,,,תרבות,,
קורס שיווק דיגיטלי,https://www.ganeytikva.org.il./duplicated-1645358291/,,,,,,,תרבות ,,
קורס תכנון פיננסי,https://www.ganeytikva.org.il./duplicated-1645358331/,,,,,,,תרבות,,
קורס נומרולוגיה התפתחותית,https://www.ganeytikva.org.il./קורס-נומרולוגיה-התפתחותית/,,,,,,,תרבות,,
דייט עם אימוש!,https://www.ganeytikva.org.il./duplicated-1686061577/,,,,,,,תרבות ,,
גורג'ס | את הכי גורג'ס כשאת תורמת,https://www.ganeytikva.org.il./גורג-ס-את-הכי-גורג-ס-כשאת-תורמת/,,,,,,,תרבות,,
מרגישים בבית | הרצאות להורים אצלכם בבניין,https://www.ganeytikva.org.il./duplicated-1681724026/,,,,,,,תרבות,,
מתחשבים - בגני תקווה לכל בית יהיה מחשב!,https://www.ganeytikva.org.il./דואגים-למחשב-לכל-בית/,,,,,,,תרבות ,,
עסקים בגני תקווה,https://www.ganeytikva.org.il./עסקים-בגני-תקווה/,,,,,,,רישוי עסקים,,
מחלקת תרבות ואירועים,https://www.ganeytikva.org.il./מחלקת-תרבות-ואירועים/,,,,,,,כללי,,
אגף דוברות והסברה,https://www.ganeytikva.org.il./אגף-דוברות-הסברה-ושירות-לתושב/,,,,,,,כללי,,
אגף אסטרטגיה חדשנות ודיגיטל,https://www.ganeytikva.org.il./אגף-אסטרטגיה-חדשנות-ודיגיטל/,,,,,,,כללי,,
פרויקט 'עיר חכמה',https://www.ganeytikva.org.il./עיר-חכמה/,,,,,,,כללי,,
READ YOUR METER,https://www.ganeytikva.org.il./read-your-meter/,,,,,,,כללי,,
תוכנת אופיס בחינם לתלמידי ומורי מערכת החינוך,https://www.ganeytikva.org.il./תוכנת-אופיס-בחינם-לתלמידי-ומורי-מערכת-החינוך/,,,,,,,כללי,,
אגף משאבי אנוש,https://www.ganeytikva.org.il./מחלקת-משאבי-אנוש/,,,,,,,כללי,,
לשכה משפטית,https://www.ganeytikva.org.il./לשכה-משפטית/,,,,,,,כללי,,
יחידת ביטוח ותביעות,https://www.ganeytikva.org.il./יחידת-ביטוח-ותביעות/,,,,,,,כללי,,
מבקרת העירייה ותלונות הציבור,https://www.ganeytikva.org.il./מבקרת-העירייה-ותלונות-הציבור/,,,,,,,כללי,,
דוחות הממונה על תלונות הציבור,https://www.ganeytikva.org.il./דוחות-הממונה-על-פניות-הציבור/,,,,,,,כללי,,
טופס הגשת תלונה לממונה על תלונות הציבור בעירייה,https://www.ganeytikva.org.il./טופס-הגשת-תלונה-לממונה-על-תלונות-הציבור-במועצה/,,,,,,,כללי,,
תרבות יהודית,https://www.ganeytikva.org.il./המחלקה-לתרבות-יהודית/,,,,,,,כללי,,
אגף ספורט ובריאות,https://www.ganeytikva.org.il./אגף-ספורט-ובריאות/,,,,,,,כללי,,
"""עיר בריאה""",https://www.ganeytikva.org.il./עיר-בריאה/,,,,,,,כללי,,
אתר אפשרי בריא,https://efsharibari.gov.il/,,,,,,,כללי,,
רשת ערים בריאות,http://www.healthycities.co.il/,,,,,,,כללי,,
"הכירו את נועה אפל, נערה בת 18 עם צרכים מיוחדים",https://www.ganeytikva.org.il./הכירו-את-נועה-אפל-נערה-בת-18-עם-צרכים-מיוחדים/,,,,,,,כללי,,
"הכירו את אורי דוד, בן ה-13 וחצי, הלומד בחטיבת ""הראשונים",https://www.ganeytikva.org.il./הכירו-את-אורי-דוד-בן-ה-13-וחצי-הלומד-בחטיבת-הראשונים/,,,,,,,כללי,,
"הכירו את אורי ונועם, ילדים ממועדונית הרווחה, תושבת גני תקווה",https://www.ganeytikva.org.il./הכירו-את-אורי-ונועם-ילדים-ממועדונית-הרווחה-תושבת-גני-תקווה/,,,,,,,כללי,,
"הכירו את גאיה פרידמן, נערה עם צרכים מיוחדים, תושבת גני תקווה:",https://www.ganeytikva.org.il./הכירו-את-גאיה-פרידמן-נערה-עם-צרכים-מיוחדים-תושבת-גני-תקווה/,,,,,,,כללי,,
גנית,https://www.ganeytikva.org.il./גנית/,,,,,,,כללי,,
גילגל,https://www.ganeytikva.org.il./גילגל/,,,,,,,כללי,,
חברת פסגות,https://www.ganeytikva.org.il./חברת-פסגות/,,,,,,,כללי,,
barcodes,https://www.ganeytikva.org.il./barcodes/,,,,,,,כללי,,
"ברכת ראש המועצה, ליזי דלריצ'ה | חגי תשרי תשפ""ב",https://www.ganeytikva.org.il./ברכת-ראש-המועצה-ליזי-דלריצ-ה-לחגי-תשרי/,,,,,,,כללי,,
מנהל.ות גן,https://www.ganeytikva.org.il./מנהלות-גן/,,,,,,,כללי,,
עמוד ראשי,https://www.ganeytikva.org.il./,,,,,,,כללי,,
תנאי שימוש,https://www.ganeytikva.org.il./terms/,,,,,,,כללי,,
מדיניות פרטיות,https://www.ganeytikva.org.il./privacy/,,,,,,,כללי,,
מרחב אישי לתושב/ת,https://www.ganeytikva.org.il./toshav-center/,,,,,,,כללי,,
FOOTER,https://www.ganeytikva.org.il./footer/,,,,,,,כללי,,
לומר מילה טובה,https://www.ganeytikva.org.il./לומר-מילה-טובה/,,,,,,,כללי,,
הצהרת נגישות,https://www.ganeytikva.org.il./accessibility/,,,,,,,כללי,,
עסקים,https://www.ganeytikva.org.il./עסקים/,,"עסקים בעיר,עזרה לעסקים,פתיחת עסק",,,,,כללי,,
מתעסקים בעסקים,https://www.ganeytikva.org.il./מתעסקים-בעסקים/,,,,,,,כללי,,
לוח עסקים,https://www.ganeytikva.org.il./935/,,,,,,,כללי,,
רישוי עסקים,https://www.ganeytikva.org.il./420/,,"עסקים בעיר,רישוי עסקים,בקשה לעסק",,,,,רישוי עסקים,,
קידום עסקים,https://www.ganeytikva.org.il./859/,,,,,,,רישוי עסקים,,
QBIX מרחב עבודה עירוני,https://qbix.co.il/,,,,,,,כללי,,
איכות הסביבה,https://www.ganeytikva.org.il./איכות-הסביבה/,,,,,,,כללי,,
חתולי רחוב,https://www.ganeytikva.org.il./האכלת-חתולי-רחוב/,,"האכלת חתולים,חתול רחוב,מתקני האכלה",,,,,כללי,,